%time,field.header.seq,field.header.stamp,field.header.frame_id,field.time_ref,field.source
1597380896817381469,1523,1596774716235275983,/gps,1596774716200000000,gps
1597380897015159468,1524,1596774716436517000,/gps,1596774716400000000,gps
1597380897213673090,1525,1596774716635927915,/gps,1596774716600000000,gps
1597380897410654309,1526,1596774716831362962,/gps,1596774716800000000,gps
1597380897614763545,1527,1596774717036267042,/gps,1596774717000000000,gps
1597380897818021406,1528,1596774717238225936,/gps,1596774717200000000,gps
1597380898014536341,1529,1596774717434389114,/gps,1596774717400000000,gps
1597380898217674193,1530,1596774717638420104,/gps,1596774717600000000,gps
1597380898418744592,1531,1596774717838957071,/gps,1596774717800000000,gps
1597380898604044982,1532,1596774718026129961,/gps,1596774718000000000,gps
1597380898817146323,1533,1596774718238260030,/gps,1596774718200000000,gps
1597380899021771759,1534,1596774718442380905,/gps,1596774718400000000,gps
1597380899217747036,1535,1596774718638614892,/gps,1596774718600000000,gps
1597380899413943482,1536,1596774718835131883,/gps,1596774718800000000,gps
1597380899612355177,1537,1596774719033200025,/gps,1596774719000000000,gps
1597380899815895713,1538,1596774719236984014,/gps,1596774719200000000,gps
1597380900020016049,1539,1596774719441292047,/gps,1596774719400000000,gps
1597380900214329767,1540,1596774719636218070,/gps,1596774719600000000,gps
1597380900408291068,1541,1596774719829303979,/gps,1596774719800000000,gps
1597380900614108428,1542,1596774720035514116,/gps,1596774720000000000,gps
1597380900808402738,1543,1596774720230726003,/gps,1596774720200000000,gps
1597380901007527088,1544,1596774720430102109,/gps,1596774720400000000,gps
1597380901207905845,1545,1596774720630296945,/gps,1596774720600000000,gps
1597380901413859621,1546,1596774720833535909,/gps,1596774720800000000,gps
1597380901603462401,1547,1596774721025693893,/gps,1596774721000000000,gps
1597380901805512281,1548,1596774721227236032,/gps,1596774721200000000,gps
1597380902011796763,1549,1596774721433188915,/gps,1596774721400000000,gps
1597380902213002879,1550,1596774721633917093,/gps,1596774721600000000,gps
1597380902412134140,1551,1596774721830370903,/gps,1596774721800000000,gps
1597380902614872869,1552,1596774722034895896,/gps,1596774722000000000,gps
1597380902808744808,1553,1596774722231003046,/gps,1596774722200000000,gps
1597380903014015879,1554,1596774722435791969,/gps,1596774722400000000,gps
1597380903216979896,1555,1596774722635792016,/gps,1596774722600000000,gps
1597380903414313742,1556,1596774722835220098,/gps,1596774722800000000,gps
1597380903610589286,1557,1596774723031091928,/gps,1596774723000000000,gps
1597380903814883667,1558,1596774723235910892,/gps,1596774723200000000,gps
1597380904017409465,1559,1596774723438411951,/gps,1596774723400000000,gps
1597380904213637607,1560,1596774723634932041,/gps,1596774723600000000,gps
1597380904413252745,1561,1596774723834731101,/gps,1596774723800000000,gps
1597380904606886341,1562,1596774724028891086,/gps,1596774724000000000,gps
1597380904817011956,1563,1596774724237343072,/gps,1596774724200000000,gps
1597380905009258569,1564,1596774724430136919,/gps,1596774724400000000,gps
1597380905225452923,1565,1596774724646538972,/gps,1596774724600000000,gps
1597380905419525925,1566,1596774724838891983,/gps,1596774724800000000,gps
1597380905608241516,1567,1596774725029732942,/gps,1596774725000000000,gps
1597380905811631325,1568,1596774725233712911,/gps,1596774725200000000,gps
1597380906017512285,1569,1596774725437989950,/gps,1596774725400000000,gps
1597380906219672192,1570,1596774725640067100,/gps,1596774725600000000,gps
1597380906416319353,1571,1596774725835611104,/gps,1596774725800000000,gps
1597380906610766624,1572,1596774726031069040,/gps,1596774726000000000,gps
1597380906816743438,1573,1596774726237081050,/gps,1596774726200000000,gps
1597380907014629229,1574,1596774726434422969,/gps,1596774726400000000,gps
1597380907220963487,1575,1596774726635756969,/gps,1596774726600000000,gps
1597380907419673216,1576,1596774726839725971,/gps,1596774726800000000,gps
1597380907609081496,1577,1596774727030718088,/gps,1596774727000000000,gps
1597380907806337011,1578,1596774727228368997,/gps,1596774727200000000,gps
1597380908017768206,1579,1596774727438493967,/gps,1596774727400000000,gps
1597380908211788429,1580,1596774727633260965,/gps,1596774727600000000,gps
1597380908409405787,1581,1596774727829612016,/gps,1596774727800000000,gps
1597380908606997593,1582,1596774728028693914,/gps,1596774728000000000,gps
1597380908813076265,1583,1596774728234906911,/gps,1596774728200000000,gps
1597380909020004775,1584,1596774728439630985,/gps,1596774728400000000,gps
1597380909214224874,1585,1596774728636081933,/gps,1596774728600000000,gps
1597380909417353511,1586,1596774728837495088,/gps,1596774728800000000,gps
1597380909614763732,1587,1596774729034743070,/gps,1596774729000000000,gps
1597380909812931011,1588,1596774729233932971,/gps,1596774729200000000,gps
1597380910015465047,1589,1596774729436481952,/gps,1596774729400000000,gps
1597380910210629022,1590,1596774729632863998,/gps,1596774729600000000,gps
1597380910411479369,1591,1596774729832675933,/gps,1596774729800000000,gps
1597380910605344327,1592,1596774730027270078,/gps,1596774730000000000,gps
1597380910816084160,1593,1596774730237190961,/gps,1596774730200000000,gps
1597380911012265945,1594,1596774730433406114,/gps,1596774730400000000,gps
1597380911214048929,1595,1596774730635598897,/gps,1596774730600000000,gps
1597380911413846769,1596,1596774730835412025,/gps,1596774730800000000,gps
1597380911616733921,1597,1596774731037918090,/gps,1596774731000000000,gps
1597380911810915832,1598,1596774731231774091,/gps,1596774731200000000,gps
1597380912011422836,1599,1596774731433521986,/gps,1596774731400000000,gps
1597380912217026567,1600,1596774731637723922,/gps,1596774731600000000,gps
1597380912414294649,1601,1596774731834142923,/gps,1596774731800000000,gps
1597380912621341772,1602,1596774732043127059,/gps,1596774732000000000,gps
1597380912827755129,1603,1596774732248260021,/gps,1596774732200000000,gps
1597380913012102078,1604,1596774732432710886,/gps,1596774732400000000,gps
1597380913215869856,1605,1596774732636835098,/gps,1596774732600000000,gps
1597380913413179337,1606,1596774732834464073,/gps,1596774732800000000,gps
1597380913607971417,1607,1596774733029974937,/gps,1596774733000000000,gps
1597380913818476118,1608,1596774733238789081,/gps,1596774733200000000,gps
1597380914009386434,1609,1596774733431340932,/gps,1596774733400000000,gps
1597380914221640449,1610,1596774733642533063,/gps,1596774733600000000,gps
1597380914415330874,1611,1596774733836680889,/gps,1596774733800000000,gps
1597380914606643175,1612,1596774734028359889,/gps,1596774734000000000,gps
1597380914814775338,1613,1596774734236362934,/gps,1596774734200000000,gps
1597380915019242716,1614,1596774734440325021,/gps,1596774734400000000,gps
1597380915215769380,1615,1596774734636734008,/gps,1596774734600000000,gps
1597380915413341498,1616,1596774734833187103,/gps,1596774734800000000,gps
1597380915609799745,1617,1596774735031527996,/gps,1596774735000000000,gps
1597380915807475048,1618,1596774735229664087,/gps,1596774735200000000,gps
1597380916013692928,1619,1596774735435405969,/gps,1596774735400000000,gps
1597380916216922724,1620,1596774735637798070,/gps,1596774735600000000,gps
1597380916410339829,1621,1596774735832273006,/gps,1596774735800000000,gps
1597380916607666903,1622,1596774736029251098,/gps,1596774736000000000,gps
1597380916815792853,1623,1596774736238050937,/gps,1596774736200000000,gps
1597380917023143804,1624,1596774736442038059,/gps,1596774736400000000,gps
1597380917215539259,1625,1596774736637546062,/gps,1596774736600000000,gps
1597380917411701217,1626,1596774736833954095,/gps,1596774736800000000,gps
1597380917613746141,1627,1596774737033083915,/gps,1596774737000000000,gps
1597380917821113359,1628,1596774737240463972,/gps,1596774737200000000,gps
1597380918017991602,1629,1596774737438437938,/gps,1596774737400000000,gps
1597380918221683424,1630,1596774737642527103,/gps,1596774737600000000,gps
1597380918412473311,1631,1596774737834522008,/gps,1596774737800000000,gps
1597380918608557916,1632,1596774738029270887,/gps,1596774738000000000,gps
1597380918814483696,1633,1596774738235753059,/gps,1596774738200000000,gps
1597380919010951368,1634,1596774738432115077,/gps,1596774738400000000,gps
1597380919212097513,1635,1596774738633877992,/gps,1596774738600000000,gps
1597380919415657737,1636,1596774738835747003,/gps,1596774738800000000,gps
1597380919607589492,1637,1596774739029889106,/gps,1596774739000000000,gps
1597380919813926124,1638,1596774739234844923,/gps,1596774739200000000,gps
1597380920004842164,1639,1596774739427032947,/gps,1596774739400000000,gps
1597380920211099000,1640,1596774739633270025,/gps,1596774739600000000,gps
1597380920413112228,1641,1596774739834789037,/gps,1596774739800000000,gps
1597380920613108757,1642,1596774740035109996,/gps,1596774740000000000,gps
1597380920821802499,1643,1596774740243762016,/gps,1596774740200000000,gps
1597380921010961126,1644,1596774740433024883,/gps,1596774740400000000,gps
1597380921209101107,1645,1596774740631180047,/gps,1596774740600000000,gps
1597380921416928605,1646,1596774740838649034,/gps,1596774740800000000,gps
1597380921617999073,1647,1596774741039236068,/gps,1596774741000000000,gps
1597380921813999064,1648,1596774741234652042,/gps,1596774741200000000,gps
1597380922019905436,1649,1596774741440325021,/gps,1596774741400000000,gps
1597380922209710047,1650,1596774741632108926,/gps,1596774741600000000,gps
1597380922420947021,1651,1596774741842010021,/gps,1596774741800000000,gps
1597380922613736992,1652,1596774742035597085,/gps,1596774742000000000,gps
1597380922829144968,1653,1596774742251559019,/gps,1596774742200000000,gps
1597380923019358685,1654,1596774742441039085,/gps,1596774742400000000,gps
1597380923217537343,1655,1596774742639225959,/gps,1596774742600000000,gps
1597380923423777842,1656,1596774742843194961,/gps,1596774742800000000,gps
1597380923626873527,1657,1596774743046776056,/gps,1596774743000000000,gps
1597380923821141378,1658,1596774743243210077,/gps,1596774743200000000,gps
1597380924027755658,1659,1596774743448671102,/gps,1596774743400000000,gps
1597380924218786052,1660,1596774743641212940,/gps,1596774743600000000,gps
1597380924425224891,1661,1596774743846641063,/gps,1596774743800000000,gps
1597380924620162881,1662,1596774744041186094,/gps,1596774744000000000,gps
1597380924816956092,1663,1596774744239087104,/gps,1596774744200000000,gps
1597380925018582694,1664,1596774744440431118,/gps,1596774744400000000,gps
1597380925216557427,1665,1596774744638127088,/gps,1596774744600000000,gps
1597380925421973709,1666,1596774744842675924,/gps,1596774744800000000,gps
1597380925615979201,1667,1596774745038044929,/gps,1596774745000000000,gps
1597380925825490248,1668,1596774745246293067,/gps,1596774745200000000,gps
1597380926022419526,1669,1596774745443968057,/gps,1596774745400000000,gps
1597380926235045926,1670,1596774745654669046,/gps,1596774745600000000,gps
1597380926428242351,1671,1596774745849631071,/gps,1596774745800000000,gps
1597380926615708562,1672,1596774746037764072,/gps,1596774746000000000,gps
1597380926827103593,1673,1596774746247829914,/gps,1596774746200000000,gps
1597380927026895848,1674,1596774746444739103,/gps,1596774746400000000,gps
1597380927222383409,1675,1596774746644361972,/gps,1596774746600000000,gps
1597380927424731323,1676,1596774746846396923,/gps,1596774746800000000,gps
1597380927624821751,1677,1596774747045123100,/gps,1596774747000000000,gps
1597380927831687498,1678,1596774747252137899,/gps,1596774747200000000,gps
1597380928031682980,1679,1596774747452063083,/gps,1596774747400000000,gps
1597380928224435810,1680,1596774747645488977,/gps,1596774747600000000,gps
1597380928427397035,1681,1596774747847683906,/gps,1596774747800000000,gps
1597380928623262356,1682,1596774748044483900,/gps,1596774748000000000,gps
1597380928830932075,1683,1596774748252382040,/gps,1596774748200000000,gps
1597380929045082781,1684,1596774748466473102,/gps,1596774748400000000,gps
1597380929221060919,1685,1596774748643085956,/gps,1596774748600000000,gps
1597380929433750011,1686,1596774748855745077,/gps,1596774748800000000,gps
1597380929618100590,1687,1596774749039201974,/gps,1596774749000000000,gps
1597380929822325786,1688,1596774749243665933,/gps,1596774749200000000,gps
1597380930024765854,1689,1596774749446229934,/gps,1596774749400000000,gps
1597380930225692646,1690,1596774749646814107,/gps,1596774749600000000,gps
1597380930429615061,1691,1596774749851723909,/gps,1596774749800000000,gps
1597380930619825427,1692,1596774750041615962,/gps,1596774750000000000,gps
1597380930829326282,1693,1596774750251502990,/gps,1596774750200000000,gps
1597380931017892543,1694,1596774750439224958,/gps,1596774750400000000,gps
1597380931227270037,1695,1596774750647378921,/gps,1596774750600000000,gps
1597380931421520225,1696,1596774750842837095,/gps,1596774750800000000,gps
1597380931618031879,1697,1596774751039012908,/gps,1596774751000000000,gps
1597380931828138364,1698,1596774751249334096,/gps,1596774751200000000,gps
1597380932020585412,1699,1596774751441505908,/gps,1596774751400000000,gps
1597380932218050158,1700,1596774751639003038,/gps,1596774751600000000,gps
1597380932416809035,1701,1596774751839020967,/gps,1596774751800000000,gps
1597380932614648888,1702,1596774752036967039,/gps,1596774752000000000,gps
1597380932833982680,1703,1596774752256278991,/gps,1596774752200000000,gps
1597380933025558387,1704,1596774752444207906,/gps,1596774752400000000,gps
1597380933215466950,1705,1596774752637696981,/gps,1596774752600000000,gps
1597380933427416649,1706,1596774752848279953,/gps,1596774752800000000,gps
1597380933620884578,1707,1596774753041958093,/gps,1596774753000000000,gps
1597380933844192917,1708,1596774753263936996,/gps,1596774753200000000,gps
1597380934025045356,1709,1596774753446254968,/gps,1596774753400000000,gps
1597380934228273547,1710,1596774753649147033,/gps,1596774753600000000,gps
1597380934417926383,1711,1596774753838392019,/gps,1596774753800000000,gps
1597380934610917417,1712,1596774754033020019,/gps,1596774754000000000,gps
1597380934827173974,1713,1596774754247941970,/gps,1596774754200000000,gps
1597380935023474861,1714,1596774754445022106,/gps,1596774754400000000,gps
1597380935225584571,1715,1596774754646902084,/gps,1596774754600000000,gps
1597380935426296338,1716,1596774754846641063,/gps,1596774754800000000,gps
1597380935629717563,1717,1596774755050534963,/gps,1596774755000000000,gps
1597380935819893093,1718,1596774755240730047,/gps,1596774755200000000,gps
1597380936020484152,1719,1596774755441991090,/gps,1596774755400000000,gps
1597380936224620336,1720,1596774755646051883,/gps,1596774755600000000,gps
1597380936424959439,1721,1596774755846183061,/gps,1596774755800000000,gps
1597380936622881812,1722,1596774756044898033,/gps,1596774756000000000,gps
1597380936820503079,1723,1596774756241797924,/gps,1596774756200000000,gps
1597380937019029338,1724,1596774756440829038,/gps,1596774756400000000,gps
1597380937218326337,1725,1596774756640472888,/gps,1596774756600000000,gps
1597380937420188838,1726,1596774756840890884,/gps,1596774756800000000,gps
1597380937621365353,1727,1596774757042856931,/gps,1596774757000000000,gps
1597380937824314779,1728,1596774757245563030,/gps,1596774757200000000,gps
1597380938021357153,1729,1596774757441993951,/gps,1596774757400000000,gps
1597380938216425694,1730,1596774757637909889,/gps,1596774757600000000,gps
1597380938433261842,1731,1596774757854103088,/gps,1596774757800000000,gps
1597380938622174727,1732,1596774758044235944,/gps,1596774758000000000,gps
1597380938820780084,1733,1596774758242782115,/gps,1596774758200000000,gps
1597380939025084378,1734,1596774758445755004,/gps,1596774758400000000,gps
1597380939225672226,1735,1596774758643915891,/gps,1596774758600000000,gps
1597380939421742729,1736,1596774758841895103,/gps,1596774758800000000,gps
1597380939621317096,1737,1596774759042746067,/gps,1596774759000000000,gps
1597380939825280213,1738,1596774759245261907,/gps,1596774759200000000,gps
1597380940015175581,1739,1596774759436944007,/gps,1596774759400000000,gps
1597380940217279846,1740,1596774759639425039,/gps,1596774759600000000,gps
1597380940422409404,1741,1596774759843266010,/gps,1596774759800000000,gps
1597380940623475405,1742,1596774760042084932,/gps,1596774760000000000,gps
1597380940818617878,1743,1596774760240639925,/gps,1596774760200000000,gps
1597380941018536774,1744,1596774760439464092,/gps,1596774760400000000,gps
1597380941219843421,1745,1596774760640077114,/gps,1596774760600000000,gps
1597380941422510312,1746,1596774760844204902,/gps,1596774760800000000,gps
1597380941619870059,1747,1596774761040595054,/gps,1596774761000000000,gps
1597380941820301385,1748,1596774761241827964,/gps,1596774761200000000,gps
1597380942019037643,1749,1596774761440407991,/gps,1596774761400000000,gps
1597380942219166747,1750,1596774761640347957,/gps,1596774761600000000,gps
1597380942420612462,1751,1596774761842081069,/gps,1596774761800000000,gps
1597380942622613822,1752,1596774762043056964,/gps,1596774762000000000,gps
1597380942822063223,1753,1596774762243089914,/gps,1596774762200000000,gps
1597380943016222235,1754,1596774762437171936,/gps,1596774762400000000,gps
1597380943219136824,1755,1596774762639801025,/gps,1596774762600000000,gps
1597380943418795805,1756,1596774762840303897,/gps,1596774762800000000,gps
1597380943617621494,1757,1596774763038672924,/gps,1596774763000000000,gps
1597380943814132030,1758,1596774763235703945,/gps,1596774763200000000,gps
1597380944018379776,1759,1596774763439774990,/gps,1596774763400000000,gps
1597380944291038715,1760,1596774763712665081,/gps,1596774763600000000,gps
1597380944413007953,1761,1596774763834511041,/gps,1596774763800000000,gps
1597380944701574363,1762,1596774764123255968,/gps,1596774764000000000,gps
1597380944813408302,1763,1596774764235539913,/gps,1596774764200000000,gps
1597380945098049105,1764,1596774764520190954,/gps,1596774764400000000,gps
1597380945294853276,1765,1596774764716816902,/gps,1596774764600000000,gps
1597380945492598812,1766,1596774764914860963,/gps,1596774764800000000,gps
1597380945696245604,1767,1596774765118453025,/gps,1596774765000000000,gps
1597380945889413614,1768,1596774765311280965,/gps,1596774765200000000,gps
1597380946012798459,1769,1596774765434629917,/gps,1596774765400000000,gps
1597380946217433878,1770,1596774765638120889,/gps,1596774765600000000,gps
1597380946417998269,1771,1596774765838413000,/gps,1596774765800000000,gps
1597380946616383574,1772,1596774766037671089,/gps,1596774766000000000,gps
1597380946831583157,1773,1596774766252340078,/gps,1596774766200000000,gps
1597380947017773528,1774,1596774766438523054,/gps,1596774766400000000,gps
1597380947214637320,1775,1596774766636462926,/gps,1596774766600000000,gps
1597380947413715035,1776,1596774766834852933,/gps,1596774766800000000,gps
1597380947605477353,1777,1596774767026690959,/gps,1596774767000000000,gps
1597380947847265577,1778,1596774767269007921,/gps,1596774767200000000,gps
1597380948011703420,1779,1596774767433763027,/gps,1596774767400000000,gps
1597380948212493658,1780,1596774767634732007,/gps,1596774767600000000,gps
1597380948422724551,1781,1596774767843210935,/gps,1596774767800000000,gps
1597380948612091641,1782,1596774768033775091,/gps,1596774768000000000,gps
1597380948823757549,1783,1596774768245294094,/gps,1596774768200000000,gps
1597380949003047075,1784,1596774768424989938,/gps,1596774768400000000,gps
1597380949210929097,1785,1596774768632335901,/gps,1596774768600000000,gps
1597380949419407046,1786,1596774768840678930,/gps,1596774768800000000,gps
1597380949700458951,1787,1596774769122267007,/gps,1596774769000000000,gps
1597380949894377247,1788,1596774769314239978,/gps,1596774769200000000,gps
1597380950096781779,1789,1596774769518403053,/gps,1596774769400000000,gps
1597380950291158678,1790,1596774769712657928,/gps,1596774769600000000,gps
1597380950496587038,1791,1596774769916120052,/gps,1596774769800000000,gps
1597380950703788589,1792,1596774770122989892,/gps,1596774770000000000,gps
1597380950895919452,1793,1596774770317698001,/gps,1596774770200000000,gps
1597380951110671879,1794,1596774770532902956,/gps,1596774770400000000,gps
1597380951315581945,1795,1596774770735913038,/gps,1596774770600000000,gps
1597380951422419548,1796,1596774770842334032,/gps,1596774770800000000,gps
1597380951612001873,1797,1596774771033438920,/gps,1596774771000000000,gps
1597380951804412548,1798,1596774771225703954,/gps,1596774771200000000,gps
1597380952016856177,1799,1596774771437482118,/gps,1596774771400000000,gps
1597380952216145496,1800,1596774771638087034,/gps,1596774771600000000,gps
1597380952503814874,1801,1596774771925096035,/gps,1596774771800000000,gps
1597380952626158381,1802,1596774772047619104,/gps,1596774772000000000,gps
1597380952828951705,1803,1596774772250174999,/gps,1596774772200000000,gps
1597380953019666892,1804,1596774772440402984,/gps,1596774772400000000,gps
1597380953220083976,1805,1596774772642278909,/gps,1596774772600000000,gps
1597380953416914398,1806,1596774772837601900,/gps,1596774772800000000,gps
1597380953618525012,1807,1596774773039783954,/gps,1596774773000000000,gps
1597380953825730961,1808,1596774773246428012,/gps,1596774773200000000,gps
1597380954003898377,1809,1596774773425024032,/gps,1596774773400000000,gps
1597380954214870967,1810,1596774773635754108,/gps,1596774773600000000,gps
1597380954416413933,1811,1596774773836373090,/gps,1596774773800000000,gps
1597380954608795077,1812,1596774774030812025,/gps,1596774774000000000,gps
1597380954937640325,1813,1596774774358328104,/gps,1596774774200000000,gps
1597380955117050350,1814,1596774774537703990,/gps,1596774774400000000,gps
1597380955210693570,1815,1596774774631632089,/gps,1596774774600000000,gps
1597380955423689353,1816,1596774774844775915,/gps,1596774774800000000,gps
1597380955615297873,1817,1596774775036087036,/gps,1596774775000000000,gps
1597380955817636082,1818,1596774775239628076,/gps,1596774775200000000,gps
1597380956112688436,1819,1596774775534385919,/gps,1596774775400000000,gps
1597380956221804609,1820,1596774775642750978,/gps,1596774775600000000,gps
1597380956418833440,1821,1596774775839757919,/gps,1596774775800000000,gps
1597380956619240611,1822,1596774776040812015,/gps,1596774776000000000,gps
1597380956813066893,1823,1596774776232947111,/gps,1596774776200000000,gps
1597380957055937992,1824,1596774776477551937,/gps,1596774776410000000,gps
1597380957215341452,1825,1596774776637804031,/gps,1596774776600000000,gps
1597380957420337318,1826,1596774776841931104,/gps,1596774776800000000,gps
1597380957612633918,1827,1596774777034281969,/gps,1596774777000000000,gps
1597380957813403979,1828,1596774777235519886,/gps,1596774777200000000,gps
1597380958015156454,1829,1596774777435957908,/gps,1596774777400000000,gps
1597380958216062093,1830,1596774777637593984,/gps,1596774777600000000,gps
1597380958415436305,1831,1596774777837471008,/gps,1596774777800000000,gps
1597380958615722699,1832,1596774778037537097,/gps,1596774778000000000,gps
1597380958819194748,1833,1596774778240509033,/gps,1596774778200000000,gps
1597380959019602827,1834,1596774778440809011,/gps,1596774778400000000,gps
1597380959219257479,1835,1596774778640815019,/gps,1596774778600000000,gps
1597380959413538385,1836,1596774778835062980,/gps,1596774778800000000,gps
1597380959612118610,1837,1596774779034307003,/gps,1596774779000000000,gps
1597380959808676550,1838,1596774779230917930,/gps,1596774779200000000,gps
1597380960009091540,1839,1596774779430959939,/gps,1596774779400000000,gps
1597380960216503089,1840,1596774779637914896,/gps,1596774779600000000,gps
1597380960411687380,1841,1596774779832973957,/gps,1596774779800000000,gps
1597380960618479685,1842,1596774780039637088,/gps,1596774780000000000,gps
1597380960818741155,1843,1596774780239774942,/gps,1596774780200000000,gps
1597380961018486356,1844,1596774780439151048,/gps,1596774780400000000,gps
1597380961220720683,1845,1596774780642033100,/gps,1596774780600000000,gps
1597380961424784331,1846,1596774780846410036,/gps,1596774780800000000,gps
1597380961659971070,1847,1596774781081739902,/gps,1596774781010000000,gps
1597380961812757756,1848,1596774781235184907,/gps,1596774781200000000,gps
1597380962060035267,1849,1596774781480987071,/gps,1596774781410000000,gps
1597380962207880212,1850,1596774781629327058,/gps,1596774781600000000,gps
1597380962419156351,1851,1596774781841206073,/gps,1596774781800000000,gps
1597380962618570427,1852,1596774782040468931,/gps,1596774782000000000,gps
1597380962821271247,1853,1596774782243365049,/gps,1596774782200000000,gps
1597380963015260543,1854,1596774782436556100,/gps,1596774782400000000,gps
1597380963222561089,1855,1596774782642338991,/gps,1596774782600000000,gps
1597380963422878899,1856,1596774782843597888,/gps,1596774782800000000,gps
1597380963625655885,1857,1596774783046591997,/gps,1596774783000000000,gps
1597380963817631693,1858,1596774783239608049,/gps,1596774783200000000,gps
1597380964012665048,1859,1596774783430785894,/gps,1596774783400000000,gps
1597380964215107000,1860,1596774783635385036,/gps,1596774783600000000,gps
1597380964407064656,1861,1596774783828079938,/gps,1596774783800000000,gps
1597380964609686098,1862,1596774784030673027,/gps,1596774784000000000,gps
1597380964815111107,1863,1596774784236900091,/gps,1596774784200000000,gps
1597380965026335096,1864,1596774784447002887,/gps,1596774784400000000,gps
1597380965215958052,1865,1596774784637852907,/gps,1596774784600000000,gps
1597380965421837198,1866,1596774784841130018,/gps,1596774784800000000,gps
1597380965605380873,1867,1596774785027899980,/gps,1596774785000000000,gps
1597380965821784248,1868,1596774785242186069,/gps,1596774785200000000,gps
1597380966020447411,1869,1596774785442240953,/gps,1596774785400000000,gps
1597380966226690353,1870,1596774785648006916,/gps,1596774785600000000,gps
1597380966411991721,1871,1596774785831927061,/gps,1596774785800000000,gps
1597380966617622610,1872,1596774786039213895,/gps,1596774786000000000,gps
1597380966817795487,1873,1596774786239939928,/gps,1596774786200000000,gps
1597380967014934623,1874,1596774786435549020,/gps,1596774786400000000,gps
1597380967226061222,1875,1596774786646365880,/gps,1596774786600000000,gps
1597380967421078241,1876,1596774786842561006,/gps,1596774786800000000,gps
1597380967616535852,1877,1596774787037869930,/gps,1596774787000000000,gps
1597380967821029690,1878,1596774787241888999,/gps,1596774787200000000,gps
1597380968014048998,1879,1596774787435354948,/gps,1596774787400000000,gps
1597380968221396319,1880,1596774787642373085,/gps,1596774787600000000,gps
1597380968424963803,1881,1596774787845221996,/gps,1596774787800000000,gps
1597380968619923783,1882,1596774788042061090,/gps,1596774788000000000,gps
1597380968829806168,1883,1596774788250792980,/gps,1596774788200000000,gps
1597380969030526034,1884,1596774788451828002,/gps,1596774788400000000,gps
1597380969232890284,1885,1596774788652132987,/gps,1596774788600000000,gps
1597380969422562040,1886,1596774788844203948,/gps,1596774788800000000,gps
1597380969615305515,1887,1596774789037287950,/gps,1596774789000000000,gps
1597380969816268959,1888,1596774789237633943,/gps,1596774789200000000,gps
1597380970009892782,1889,1596774789432009935,/gps,1596774789400000000,gps
1597380970223299626,1890,1596774789644737005,/gps,1596774789600000000,gps
1597380970426934759,1891,1596774789847549915,/gps,1596774789800000000,gps
1597380970618978146,1892,1596774790040968894,/gps,1596774790000000000,gps
1597380970814768697,1893,1596774790236361026,/gps,1596774790200000000,gps
1597380971013325952,1894,1596774790434653043,/gps,1596774790400000000,gps
1597380971210740503,1895,1596774790632636070,/gps,1596774790600000000,gps
1597380971418348925,1896,1596774790837042093,/gps,1596774790800000000,gps
1597380971621183997,1897,1596774791041690111,/gps,1596774791000000000,gps
1597380971835086796,1898,1596774791256591081,/gps,1596774791200000000,gps
1597380972015465551,1899,1596774791436563968,/gps,1596774791400000000,gps
1597380972221551762,1900,1596774791642565011,/gps,1596774791600000000,gps
1597380972420361394,1901,1596774791841511011,/gps,1596774791800000000,gps
1597380972620011159,1902,1596774792041591882,/gps,1596774792000000000,gps
1597380972821991715,1903,1596774792243926048,/gps,1596774792200000000,gps
1597380973014368530,1904,1596774792436340093,/gps,1596774792400000000,gps
1597380973227442853,1905,1596774792648353099,/gps,1596774792600000000,gps
1597380973428686808,1906,1596774792850558042,/gps,1596774792800000000,gps
1597380973629227393,1907,1596774793049184083,/gps,1596774793000000000,gps
1597380973829968481,1908,1596774793251899003,/gps,1596774793200000000,gps
1597380974017191113,1909,1596774793438505887,/gps,1596774793400000000,gps
1597380974220500218,1910,1596774793642083883,/gps,1596774793600000000,gps
1597380974427366245,1911,1596774793849661111,/gps,1596774793800000000,gps
1597380974619409771,1912,1596774794041640043,/gps,1596774794000000000,gps
1597380974818643240,1913,1596774794239933967,/gps,1596774794200000000,gps
1597380975014406703,1914,1596774794436705112,/gps,1596774794400000000,gps
1597380975229555671,1915,1596774794651057958,/gps,1596774794600000000,gps
1597380975419686380,1916,1596774794839215040,/gps,1596774794800000000,gps
1597380975616125497,1917,1596774795036915063,/gps,1596774795000000000,gps
1597380975819266352,1918,1596774795240691900,/gps,1596774795200000000,gps
1597380976019380865,1919,1596774795439198017,/gps,1596774795400000000,gps
1597380976225107328,1920,1596774795646524906,/gps,1596774795600000000,gps
1597380976457573928,1921,1596774795878510951,/gps,1596774795800000000,gps
1597380976609768596,1922,1596774796031030893,/gps,1596774796000000000,gps
1597380976823338524,1923,1596774796243987083,/gps,1596774796200000000,gps
1597380977013237872,1924,1596774796434032917,/gps,1596774796400000000,gps
1597380977250326746,1925,1596774796672209978,/gps,1596774796600000000,gps
1597380977409359079,1926,1596774796831106901,/gps,1596774796800000000,gps
1597380977661617427,1927,1596774797083878040,/gps,1596774797000000000,gps
1597380977819376572,1928,1596774797239985942,/gps,1596774797200000000,gps
1597380978009445077,1929,1596774797431754112,/gps,1596774797400000000,gps
1597380978222974583,1930,1596774797645262002,/gps,1596774797600000000,gps
1597380978417593596,1931,1596774797839071035,/gps,1596774797800000000,gps
1597380978617861140,1932,1596774798038907051,/gps,1596774798000000000,gps
1597380978823088787,1933,1596774798243498086,/gps,1596774798200000000,gps
1597380979001763048,1934,1596774798422339916,/gps,1596774798400000000,gps
1597380979218706988,1935,1596774798640901088,/gps,1596774798600000000,gps
1597380979420473635,1936,1596774798840017080,/gps,1596774798800000000,gps
1597380979620028036,1937,1596774799039609909,/gps,1596774799000000000,gps
1597380979814095662,1938,1596774799234096050,/gps,1596774799200000000,gps
1597380979998426763,1939,1596774799419792890,/gps,1596774799400000000,gps
1597380980214989382,1940,1596774799635849952,/gps,1596774799600000000,gps
1597380980403317719,1941,1596774799825522899,/gps,1596774799800000000,gps
1597380980618242725,1942,1596774800039587020,/gps,1596774800000000000,gps
1597380980804797732,1943,1596774800226864099,/gps,1596774800200000000,gps
1597380981000800794,1944,1596774800421797037,/gps,1596774800400000000,gps
1597380981309997272,1945,1596774800731580018,/gps,1596774800600000000,gps
1597380981405969538,1946,1596774800826550960,/gps,1596774800800000000,gps
1597380981608671405,1947,1596774801029948949,/gps,1596774801000000000,gps
1597380981808930293,1948,1596774801231055021,/gps,1596774801200000000,gps
1597380982004523621,1949,1596774801424307107,/gps,1596774801400000000,gps
1597380982201627502,1950,1596774801623003005,/gps,1596774801600000000,gps
1597380982405552360,1951,1596774801827069997,/gps,1596774801800000000,gps
1597380982612672089,1952,1596774802033859014,/gps,1596774802000000000,gps
1597380982806585358,1953,1596774802228555917,/gps,1596774802200000000,gps
1597380983009815992,1954,1596774802431670904,/gps,1596774802400000000,gps
1597380983219398180,1955,1596774802641282081,/gps,1596774802600000000,gps
1597380983407385757,1956,1596774802829102993,/gps,1596774802800000000,gps
1597380983603569218,1957,1596774803025285005,/gps,1596774803000000000,gps
1597380983804490914,1958,1596774803226474046,/gps,1596774803200000000,gps
1597380984004423005,1959,1596774803425395011,/gps,1596774803400000000,gps
1597380984201586855,1960,1596774803623944997,/gps,1596774803600000000,gps
1597380984404668647,1961,1596774803826801061,/gps,1596774803800000000,gps
1597380984616418051,1962,1596774804036612987,/gps,1596774804000000000,gps
1597380984816370947,1963,1596774804237504005,/gps,1596774804200000000,gps
1597380985018985129,1964,1596774804439182996,/gps,1596774804400000000,gps
1597380985225227024,1965,1596774804645581960,/gps,1596774804600000000,gps
1597380985411110985,1966,1596774804829693078,/gps,1596774804800000000,gps
1597380985606172125,1967,1596774805028435945,/gps,1596774805000000000,gps
1597380985806081387,1968,1596774805227181911,/gps,1596774805200000000,gps
1597380986016533240,1969,1596774805436858892,/gps,1596774805400000000,gps
1597380986213410017,1970,1596774805635123968,/gps,1596774805600000000,gps
1597380986413387278,1971,1596774805835522890,/gps,1596774805800000000,gps
1597380986603526993,1972,1596774806025103092,/gps,1596774806000000000,gps
1597380986818712892,1973,1596774806239151000,/gps,1596774806200000000,gps
1597380987014038974,1974,1596774806435023069,/gps,1596774806400000000,gps
1597380987200771516,1975,1596774806621110916,/gps,1596774806600000000,gps
1597380987408879943,1976,1596774806830432891,/gps,1596774806800000000,gps
1597380987606276900,1977,1596774807027781963,/gps,1596774807000000000,gps
1597380987831961686,1978,1596774807253451108,/gps,1596774807200000000,gps
1597380988004272107,1979,1596774807425337076,/gps,1596774807400000000,gps
1597380988218507776,1980,1596774807638672113,/gps,1596774807600000000,gps
1597380988423037708,1981,1596774807843795061,/gps,1596774807800000000,gps
1597380988621022284,1982,1596774808041780948,/gps,1596774808000000000,gps
1597380988819428673,1983,1596774808241621017,/gps,1596774808200000000,gps
1597380989012314219,1984,1596774808434710979,/gps,1596774808400000000,gps
1597380989222186271,1985,1596774808643608093,/gps,1596774808600000000,gps
1597380989416457264,1986,1596774808836910963,/gps,1596774808800000000,gps
1597380989615365681,1987,1596774809037465095,/gps,1596774809000000000,gps
1597380989821922016,1988,1596774809243097066,/gps,1596774809200000000,gps
1597380990027157342,1989,1596774809447619915,/gps,1596774809400000000,gps
1597380990222509116,1990,1596774809642123937,/gps,1596774809600000000,gps
1597380990417673580,1991,1596774809839322090,/gps,1596774809800000000,gps
1597380990620849481,1992,1596774810042802095,/gps,1596774810000000000,gps
1597380990821677278,1993,1596774810243899106,/gps,1596774810200000000,gps
1597380991017525355,1994,1596774810438945055,/gps,1596774810400000000,gps
1597380991211125859,1995,1596774810633336067,/gps,1596774810600000000,gps
1597380991419411542,1996,1596774810840812921,/gps,1596774810800000000,gps
1597380991621929172,1997,1596774811043967962,/gps,1596774811000000000,gps
1597380991808336593,1998,1596774811229780912,/gps,1596774811200000000,gps
1597380992019480087,1999,1596774811440640926,/gps,1596774811400000000,gps
1597380992214737822,2000,1596774811637032032,/gps,1596774811600000000,gps
1597380992416033369,2001,1596774811835920095,/gps,1596774811800000000,gps
1597380992612444212,2002,1596774812033463001,/gps,1596774812000000000,gps
1597380992818745100,2003,1596774812240789890,/gps,1596774812200000000,gps
1597380993018143397,2004,1596774812438321113,/gps,1596774812400000000,gps
1597380993220824670,2005,1596774812641108989,/gps,1596774812600000000,gps
1597380993413616526,2006,1596774812835987091,/gps,1596774812800000000,gps
1597380993620513760,2007,1596774813041150093,/gps,1596774813000000000,gps
1597380993833992791,2008,1596774813253926038,/gps,1596774813200000000,gps
1597380994020002835,2009,1596774813441884994,/gps,1596774813400000000,gps
1597380994202668397,2010,1596774813624061107,/gps,1596774813600000000,gps
1597380994414299608,2011,1596774813836344957,/gps,1596774813800000000,gps
1597380994621867539,2012,1596774814043313026,/gps,1596774814000000000,gps
1597380994816241018,2013,1596774814237740993,/gps,1596774814200000000,gps
1597380995039313457,2014,1596774814459460973,/gps,1596774814400000000,gps
1597380995214941689,2015,1596774814636888027,/gps,1596774814600000000,gps
1597380995415811095,2016,1596774814836194038,/gps,1596774814800000000,gps
1597380995625957375,2017,1596774815046292066,/gps,1596774815000000000,gps
1597380995821609835,2018,1596774815242526054,/gps,1596774815200000000,gps
1597380996021083950,2019,1596774815442991018,/gps,1596774815400000000,gps
1597380996213899263,2020,1596774815636089086,/gps,1596774815600000000,gps
1597380996422254899,2021,1596774815843027114,/gps,1596774815800000000,gps
1597380996617798659,2022,1596774816039953947,/gps,1596774816000000000,gps
1597380996825415949,2023,1596774816244348049,/gps,1596774816200000000,gps
1597380997023189200,2024,1596774816442461967,/gps,1596774816400000000,gps
1597380997214377233,2025,1596774816636528015,/gps,1596774816600000000,gps
1597380997421352169,2026,1596774816842293024,/gps,1596774816800000000,gps
1597380997618419467,2027,1596774817039943933,/gps,1596774817000000000,gps
1597380997805655573,2028,1596774817227269887,/gps,1596774817200000000,gps
1597380998007555564,2029,1596774817428730964,/gps,1596774817400000000,gps
1597380998214542858,2030,1596774817635415077,/gps,1596774817600000000,gps
1597380998409457739,2031,1596774817828994035,/gps,1596774817800000000,gps
1597380998605752622,2032,1596774818026065111,/gps,1596774818000000000,gps
1597380998818397313,2033,1596774818239269971,/gps,1596774818200000000,gps
1597380999010588425,2034,1596774818430881023,/gps,1596774818400000000,gps
1597380999200733865,2035,1596774818621716022,/gps,1596774818600000000,gps
1597380999406764645,2036,1596774818828784942,/gps,1596774818800000000,gps
1597380999612233636,2037,1596774819033821105,/gps,1596774819000000000,gps
1597380999810451529,2038,1596774819230901956,/gps,1596774819200000000,gps
1597381000004634766,2039,1596774819425904989,/gps,1596774819400000000,gps
1597381000209553279,2040,1596774819631786108,/gps,1596774819600000000,gps
1597381000413476322,2041,1596774819834410905,/gps,1596774819800000000,gps
1597381000603168324,2042,1596774820024801015,/gps,1596774820000000000,gps
1597381000804411371,2043,1596774820226331949,/gps,1596774820200000000,gps
1597381001005369789,2044,1596774820426201105,/gps,1596774820400000000,gps
1597381001204497979,2045,1596774820625372886,/gps,1596774820600000000,gps
1597381001402725017,2046,1596774820824162006,/gps,1596774820800000000,gps
1597381001606082921,2047,1596774821026354074,/gps,1596774821000000000,gps
1597381001812509194,2048,1596774821234839916,/gps,1596774821200000000,gps
1597381002014821782,2049,1596774821436918973,/gps,1596774821400000000,gps
1597381002224216730,2050,1596774821643861055,/gps,1596774821600000000,gps
1597381002407666367,2051,1596774821829859018,/gps,1596774821800000000,gps
1597381002604536721,2052,1596774822026355981,/gps,1596774822000000000,gps
1597381002818407476,2053,1596774822240595102,/gps,1596774822200000000,gps
1597381003022829126,2054,1596774822444101095,/gps,1596774822400000000,gps
1597381003234596473,2055,1596774822655668020,/gps,1596774822600000000,gps
1597381003408515604,2056,1596774822830302953,/gps,1596774822800000000,gps
1597381003613686632,2057,1596774823034399986,/gps,1596774823000000000,gps
1597381003802946838,2058,1596774823224953889,/gps,1596774823200000000,gps
1597381004009506594,2059,1596774823430455923,/gps,1596774823400000000,gps
1597381004207797023,2060,1596774823629509925,/gps,1596774823600000000,gps
1597381004409478149,2061,1596774823829745054,/gps,1596774823800000000,gps
1597381004600172531,2062,1596774824021537065,/gps,1596774824000000000,gps
1597381004813174946,2063,1596774824233777999,/gps,1596774824200000000,gps
1597381005010430950,2064,1596774824432252883,/gps,1596774824400000000,gps
1597381005215588574,2065,1596774824637487888,/gps,1596774824600000000,gps
1597381005409775721,2066,1596774824831581115,/gps,1596774824800000000,gps
1597381005612467116,2067,1596774825034465074,/gps,1596774825000000000,gps
1597381005862529135,2068,1596774825284244060,/gps,1596774825210000000,gps
1597381006001002539,2069,1596774825422179937,/gps,1596774825400000000,gps
1597381006254945344,2070,1596774825674546003,/gps,1596774825600000000,gps
1597381006420613649,2071,1596774825842315912,/gps,1596774825800000000,gps
1597381006622423092,2072,1596774826044339895,/gps,1596774826000000000,gps
1597381006812552335,2073,1596774826233839988,/gps,1596774826200000000,gps
1597381007055361231,2074,1596774826477531909,/gps,1596774826410000000,gps
1597381007231082804,2075,1596774826652920961,/gps,1596774826600000000,gps
1597381007414442172,2076,1596774826834939002,/gps,1596774826800000000,gps
1597381007615023877,2077,1596774827035295963,/gps,1596774827000000000,gps
1597381007815048331,2078,1596774827235918998,/gps,1596774827200000000,gps
1597381008022637834,2079,1596774827444413900,/gps,1596774827400000000,gps
1597381008215258578,2080,1596774827636672973,/gps,1596774827600000000,gps
1597381008413475284,2081,1596774827835506916,/gps,1596774827800000000,gps
1597381008619274772,2082,1596774828040869951,/gps,1596774828000000000,gps
1597381008802887423,2083,1596774828224693059,/gps,1596774828200000000,gps
1597381009021591917,2084,1596774828442653894,/gps,1596774828400000000,gps
1597381009208485938,2085,1596774828629122972,/gps,1596774828600000000,gps
1597381009403058245,2086,1596774828824877977,/gps,1596774828800000000,gps
1597381009606031896,2087,1596774829027250051,/gps,1596774829000000000,gps
1597381009811850653,2088,1596774829233911991,/gps,1596774829200000000,gps
1597381010008060014,2089,1596774829430084943,/gps,1596774829400000000,gps
1597381010240506996,2090,1596774829662427902,/gps,1596774829600000000,gps
1597381010414388358,2091,1596774829835675954,/gps,1596774829800000000,gps
1597381010617618155,2092,1596774830039819955,/gps,1596774830000000000,gps
1597381010813169944,2093,1596774830234508991,/gps,1596774830200000000,gps
1597381011019981307,2094,1596774830441088914,/gps,1596774830400000000,gps
1597381011209445089,2095,1596774830631109952,/gps,1596774830600000000,gps
1597381011411805918,2096,1596774830833688974,/gps,1596774830800000000,gps
1597381011616911042,2097,1596774831037779092,/gps,1596774831000000000,gps
1597381011811388333,2098,1596774831233406066,/gps,1596774831200000000,gps
1597381012016984664,2099,1596774831438282012,/gps,1596774831400000000,gps
1597381012213030942,2100,1596774831635046005,/gps,1596774831600000000,gps
1597381012413137147,2101,1596774831834295988,/gps,1596774831800000000,gps
1597381012620303372,2102,1596774832041646957,/gps,1596774832000000000,gps
1597381012816721126,2103,1596774832238516092,/gps,1596774832200000000,gps
1597381013017438828,2104,1596774832438812017,/gps,1596774832400000000,gps
1597381013216848645,2105,1596774832638334035,/gps,1596774832600000000,gps
1597381013434879021,2106,1596774832855077028,/gps,1596774832800000000,gps
1597381013621407149,2107,1596774833040035009,/gps,1596774833000000000,gps
1597381013819771231,2108,1596774833241625070,/gps,1596774833200000000,gps
1597381014024529313,2109,1596774833443938970,/gps,1596774833400000000,gps
1597381014217725458,2110,1596774833639874935,/gps,1596774833600000000,gps
1597381014420884115,2111,1596774833841772079,/gps,1596774833800000000,gps
1597381014611906062,2112,1596774834033628940,/gps,1596774834000000000,gps
1597381014837058242,2113,1596774834258754014,/gps,1596774834200000000,gps
1597381015021151279,2114,1596774834442199945,/gps,1596774834400000000,gps
1597381015219282115,2115,1596774834641102075,/gps,1596774834600000000,gps
1597381015415717951,2116,1596774834837120056,/gps,1596774834800000000,gps
1597381015617140907,2117,1596774835038834095,/gps,1596774835000000000,gps
1597381015821577987,2118,1596774835242400884,/gps,1596774835200000000,gps
1597381016025537682,2119,1596774835447590112,/gps,1596774835400000000,gps
1597381016219068374,2120,1596774835639877080,/gps,1596774835600000000,gps
1597381016417888128,2121,1596774835839224100,/gps,1596774835800000000,gps
1597381016608521703,2122,1596774836030504941,/gps,1596774836000000000,gps
1597381016803291652,2123,1596774836225522994,/gps,1596774836200000000,gps
1597381017017985925,2124,1596774836439928054,/gps,1596774836400000000,gps
1597381017211090475,2125,1596774836633275032,/gps,1596774836600000000,gps
1597381017410855363,2126,1596774836832886934,/gps,1596774836800000000,gps
1597381017624500620,2127,1596774837046238899,/gps,1596774837000000000,gps
1597381017898973590,2128,1596774837319489002,/gps,1596774837200000000,gps
1597381018021087482,2129,1596774837442382097,/gps,1596774837400000000,gps
1597381018256822605,2130,1596774837676532983,/gps,1596774837600000000,gps
1597381018456059005,2131,1596774837878036022,/gps,1596774837800000000,gps
1597381018654175040,2132,1596774838075628995,/gps,1596774838010000000,gps
1597381018862605935,2133,1596774838283632993,/gps,1596774838210000000,gps
1597381019021865928,2134,1596774838442277908,/gps,1596774838400000000,gps
1597381019210319022,2135,1596774838631696939,/gps,1596774838600000000,gps
1597381019462723699,2136,1596774838883609056,/gps,1596774838800000000,gps
1597381019603093723,2137,1596774839025218963,/gps,1596774839000000000,gps
1597381019805090406,2138,1596774839226551055,/gps,1596774839200000000,gps
1597381020003589507,2139,1596774839425126075,/gps,1596774839400000000,gps
1597381020210071840,2140,1596774839631556034,/gps,1596774839600000000,gps
1597381020405414398,2141,1596774839827049016,/gps,1596774839800000000,gps
1597381020614246371,2142,1596774840034518957,/gps,1596774840000000000,gps
1597381020806318311,2143,1596774840227345943,/gps,1596774840200000000,gps
1597381021005685193,2144,1596774840428075075,/gps,1596774840400000000,gps
1597381021214761652,2145,1596774840636607885,/gps,1596774840600000000,gps
1597381021412503906,2146,1596774840833838939,/gps,1596774840800000000,gps
1597381021619477446,2147,1596774841039448976,/gps,1596774841000000000,gps
1597381021854250959,2148,1596774841276143074,/gps,1596774841210000000,gps
1597381022007195423,2149,1596774841426496028,/gps,1596774841400000000,gps
1597381022209487277,2150,1596774841627804994,/gps,1596774841600000000,gps
1597381022460542461,2151,1596774841881557941,/gps,1596774841800000000,gps
1597381022659879253,2152,1596774842082077026,/gps,1596774842010000000,gps
1597381022855507418,2153,1596774842277565956,/gps,1596774842210000000,gps
1597381023068308212,2154,1596774842490196943,/gps,1596774842410000000,gps
1597381023208901221,2155,1596774842630140066,/gps,1596774842600000000,gps
1597381023460558196,2156,1596774842882412910,/gps,1596774842800000000,gps
1597381023661664618,2157,1596774843082689046,/gps,1596774843010000000,gps
1597381023905223659,2158,1596774843326977014,/gps,1596774843200000000,gps
1597381024101854414,2159,1596774843523355960,/gps,1596774843400000000,gps
1597381024251376975,2160,1596774843673636913,/gps,1596774843600000000,gps
1597381024402105562,2161,1596774843822978019,/gps,1596774843800000000,gps
1597381024658398984,2162,1596774844080174922,/gps,1596774844010000000,gps
1597381024927249952,2163,1596774844348990917,/gps,1596774844200000000,gps
1597381025060255361,2164,1596774844481347084,/gps,1596774844410000000,gps
1597381025208367831,2165,1596774844630099058,/gps,1596774844600000000,gps
1597381025403303447,2166,1596774844825423955,/gps,1596774844800000000,gps
1597381025719721423,2167,1596774845141210079,/gps,1596774845000000000,gps
1597381025813349843,2168,1596774845234860897,/gps,1596774845200000000,gps
1597381026007347726,2169,1596774845428229093,/gps,1596774845400000000,gps
1597381026210905296,2170,1596774845631716012,/gps,1596774845600000000,gps
1597381026420317208,2171,1596774845840477943,/gps,1596774845800000000,gps
1597381026715621589,2172,1596774846135399103,/gps,1596774846000000000,gps
1597381026801355999,2173,1596774846223128080,/gps,1596774846200000000,gps
1597381027012175070,2174,1596774846433089017,/gps,1596774846400000000,gps
1597381027217056023,2175,1596774846636837959,/gps,1596774846600000000,gps
1597381027401781849,2176,1596774846823715925,/gps,1596774846800000000,gps
1597381027602252062,2177,1596774847022406101,/gps,1596774847000000000,gps
1597381027800665502,2178,1596774847221975088,/gps,1596774847200000000,gps
1597381028002415115,2179,1596774847424252986,/gps,1596774847400000000,gps
1597381028253041435,2180,1596774847675286054,/gps,1596774847600000000,gps
1597381028408432161,2181,1596774847829499959,/gps,1596774847800000000,gps
1597381028601729675,2182,1596774848023500919,/gps,1596774848000000000,gps
1597381028795597216,2183,1596774848217422008,/gps,1596774848200000000,gps
1597381029003473792,2184,1596774848425415992,/gps,1596774848400000000,gps
1597381029202223035,2185,1596774848624483108,/gps,1596774848600000000,gps
1597381029397617534,2186,1596774848819916009,/gps,1596774848800000000,gps
1597381029650685020,2187,1596774849071569919,/gps,1596774849010000000,gps
1597381029803369569,2188,1596774849225008964,/gps,1596774849200000000,gps
1597381029996089238,2189,1596774849418032884,/gps,1596774849400000000,gps
1597381030203491781,2190,1596774849625814914,/gps,1596774849600000000,gps
1597381030398570933,2191,1596774849820475101,/gps,1596774849800000000,gps
1597381030597428596,2192,1596774850019581079,/gps,1596774850000000000,gps
1597381030804934463,2193,1596774850226872920,/gps,1596774850200000000,gps
1597381031048191770,2194,1596774850470594882,/gps,1596774850410000000,gps
1597381031250446762,2195,1596774850672410011,/gps,1596774850600000000,gps
1597381031408652574,2196,1596774850829663991,/gps,1596774850800000000,gps
1597381031659030009,2197,1596774851080466032,/gps,1596774851010000000,gps
1597381031810856272,2198,1596774851232152938,/gps,1596774851200000000,gps
1597381031999729014,2199,1596774851421690940,/gps,1596774851400000000,gps
1597381032209229031,2200,1596774851626652956,/gps,1596774851600000000,gps
1597381032450799157,2201,1596774851872533082,/gps,1596774851800000000,gps
1597381032649497227,2202,1596774852070987939,/gps,1596774852010000000,gps
1597381032857004909,2203,1596774852278090000,/gps,1596774852210000000,gps
1597381033061168459,2204,1596774852481615066,/gps,1596774852410000000,gps
1597381033202109488,2205,1596774852623459100,/gps,1596774852600000000,gps
1597381033420957169,2206,1596774852841104984,/gps,1596774852800000000,gps
1597381033597123803,2207,1596774853019315004,/gps,1596774853000000000,gps
1597381033806347917,2208,1596774853227617025,/gps,1596774853200000000,gps
1597381034003956688,2209,1596774853425431013,/gps,1596774853400000000,gps
1597381034212107701,2210,1596774853633820056,/gps,1596774853600000000,gps
1597381034416367454,2211,1596774853837168931,/gps,1596774853800000000,gps
1597381034603551899,2212,1596774854025656938,/gps,1596774854000000000,gps
1597381034801611804,2213,1596774854223887920,/gps,1596774854200000000,gps
1597381035001192315,2214,1596774854422857046,/gps,1596774854400000000,gps
1597381035205846165,2215,1596774854627091884,/gps,1596774854600000000,gps
1597381035422054551,2216,1596774854844147920,/gps,1596774854800000000,gps
1597381035607723067,2217,1596774855029182910,/gps,1596774855000000000,gps
1597381035800834110,2218,1596774855222441911,/gps,1596774855200000000,gps
1597381036006614748,2219,1596774855427159070,/gps,1596774855400000000,gps
1597381036212269024,2220,1596774855633038997,/gps,1596774855600000000,gps
1597381036404607373,2221,1596774855826065063,/gps,1596774855800000000,gps
1597381036599983721,2222,1596774856021126031,/gps,1596774856000000000,gps
1597381036811602155,2223,1596774856230787038,/gps,1596774856200000000,gps
1597381037003883396,2224,1596774856425631046,/gps,1596774856400000000,gps
1597381037210245510,2225,1596774856632513999,/gps,1596774856600000000,gps
1597381037410506981,2226,1596774856831424951,/gps,1596774856800000000,gps
1597381037610593360,2227,1596774857030843973,/gps,1596774857000000000,gps
1597381037798863262,2228,1596774857220581054,/gps,1596774857200000000,gps
1597381038003623438,2229,1596774857424891948,/gps,1596774857400000000,gps
1597381038197857220,2230,1596774857620237112,/gps,1596774857600000000,gps
1597381038404235112,2231,1596774857826231002,/gps,1596774857800000000,gps
1597381038603959578,2232,1596774858025571107,/gps,1596774858000000000,gps
1597381038806676316,2233,1596774858228846073,/gps,1596774858200000000,gps
1597381039006212146,2234,1596774858427541971,/gps,1596774858400000000,gps
1597381039208668760,2235,1596774858629354953,/gps,1596774858600000000,gps
1597381039405952340,2236,1596774858828103065,/gps,1596774858800000000,gps
1597381039600115820,2237,1596774859020745038,/gps,1596774859000000000,gps
1597381039805823014,2238,1596774859227545022,/gps,1596774859200000000,gps
1597381040000717790,2239,1596774859422465085,/gps,1596774859400000000,gps
1597381040204425738,2240,1596774859626332044,/gps,1596774859600000000,gps
1597381040405062526,2241,1596774859827229022,/gps,1596774859800000000,gps
1597381040611487472,2242,1596774860032526016,/gps,1596774860000000000,gps
1597381040797887702,2243,1596774860220083951,/gps,1596774860200000000,gps
1597381041137218085,2244,1596774860558855056,/gps,1596774860400000000,gps
1597381041197926836,2245,1596774860619600057,/gps,1596774860600000000,gps
1597381041403225483,2246,1596774860825273036,/gps,1596774860800000000,gps
1597381041606291079,2247,1596774861026999950,/gps,1596774861000000000,gps
1597381041935114406,2248,1596774861355407953,/gps,1596774861200000000,gps
1597381042010112005,2249,1596774861430320978,/gps,1596774861400000000,gps
1597381042202673058,2250,1596774861624396085,/gps,1596774861600000000,gps
1597381042406207520,2251,1596774861828304052,/gps,1596774861800000000,gps
1597381042600165120,2252,1596774862021960020,/gps,1596774862000000000,gps
1597381042807500014,2253,1596774862229341030,/gps,1596774862200000000,gps
1597381043055539120,2254,1596774862477744102,/gps,1596774862410000000,gps
1597381043256020084,2255,1596774862677839994,/gps,1596774862600000000,gps
1597381043406399883,2256,1596774862828537940,/gps,1596774862800000000,gps
1597381043597845178,2257,1596774863020169973,/gps,1596774863000000000,gps
1597381043796465057,2258,1596774863218590974,/gps,1596774863200000000,gps
1597381044008206782,2259,1596774863428204059,/gps,1596774863400000000,gps
1597381044201823902,2260,1596774863623828887,/gps,1596774863600000000,gps
1597381044405468530,2261,1596774863827531099,/gps,1596774863800000000,gps
1597381044601289659,2262,1596774864021528959,/gps,1596774864000000000,gps
1597381044845653718,2263,1596774864267765045,/gps,1596774864210000000,gps
1597381045058419954,2264,1596774864477958917,/gps,1596774864410000000,gps
1597381045256614529,2265,1596774864678441047,/gps,1596774864600000000,gps
1597381045463063142,2266,1596774864882018089,/gps,1596774864800000000,gps
1597381045657749036,2267,1596774865076711893,/gps,1596774865010000000,gps
1597381045808441879,2268,1596774865230272054,/gps,1596774865200000000,gps
1597381045998314697,2269,1596774865419805049,/gps,1596774865400000000,gps
1597381046246638920,2270,1596774865668755054,/gps,1596774865600000000,gps
1597381046451868941,2271,1596774865871295928,/gps,1596774865800000000,gps
1597381046635771038,2272,1596774866057563066,/gps,1596774866010000000,gps
1597381046838974026,2273,1596774866259846925,/gps,1596774866210000000,gps
1597381047051134702,2274,1596774866472649097,/gps,1596774866410000000,gps
1597381047244676633,2275,1596774866666457891,/gps,1596774866600000000,gps
1597381047450351155,2276,1596774866872328996,/gps,1596774866800000000,gps
1597381047646128441,2277,1596774867067475080,/gps,1596774867010000000,gps
1597381047850694466,2278,1596774867273106098,/gps,1596774867210000000,gps
1597381048043803205,2279,1596774867465151071,/gps,1596774867410000000,gps
1597381048263085266,2280,1596774867685004949,/gps,1596774867600000000,gps
1597381048451422050,2281,1596774867873188972,/gps,1596774867800000000,gps
1597381048597189278,2282,1596774868019491910,/gps,1596774868000000000,gps
1597381048855158152,2283,1596774868276635885,/gps,1596774868210000000,gps
1597381049000636702,2284,1596774868422157049,/gps,1596774868400000000,gps
1597381049254253549,2285,1596774868676423072,/gps,1596774868600000000,gps
1597381049454726624,2286,1596774868874572992,/gps,1596774868800000000,gps
1597381052206890199,2287,1596774871627595901,/gps,1596774871600000000,gps
1597381053405396798,2288,1596774872826950073,/gps,1596774872800000000,gps
1597381053603535662,2289,1596774873024822950,/gps,1596774873000000000,gps
1597381053801176058,2290,1596774873223174095,/gps,1596774873200000000,gps
1597381054008738823,2291,1596774873430093050,/gps,1596774873400000000,gps
1597381054247741911,2292,1596774873670198917,/gps,1596774873600000000,gps
1597381054450317067,2293,1596774873872332096,/gps,1596774873800000000,gps
1597381054653604251,2294,1596774874075455904,/gps,1596774874010000000,gps
1597381054891224405,2295,1596774874313577890,/gps,1596774874200000000,gps
1597381055050770145,2296,1596774874472693920,/gps,1596774874410000000,gps
1597381055255892932,2297,1596774874676829099,/gps,1596774874600000000,gps
1597381055398260178,2298,1596774874820446968,/gps,1596774874800000000,gps
1597381055603416196,2299,1596774875024904012,/gps,1596774875000000000,gps
1597381055850920950,2300,1596774875271672010,/gps,1596774875210000000,gps
1597381056002446875,2301,1596774875424679994,/gps,1596774875400000000,gps
1597381056199973755,2302,1596774875621951103,/gps,1596774875600000000,gps
1597381056415101430,2303,1596774875837362051,/gps,1596774875800000000,gps
1597381056604979066,2304,1596774876027245998,/gps,1596774876000000000,gps
1597381056804098598,2305,1596774876226335048,/gps,1596774876200000000,gps
1597381057000685441,2306,1596774876421992063,/gps,1596774876400000000,gps
1597381057212447272,2307,1596774876632750988,/gps,1596774876600000000,gps
1597381057401828604,2308,1596774876823826074,/gps,1596774876800000000,gps
1597381057603043796,2309,1596774877025080919,/gps,1596774877000000000,gps
1597381057796808222,2310,1596774877217117071,/gps,1596774877200000000,gps
1597381057999832837,2311,1596774877421016931,/gps,1596774877400000000,gps
1597381058198949019,2312,1596774877621191978,/gps,1596774877600000000,gps
1597381058404160469,2313,1596774877825335979,/gps,1596774877800000000,gps
1597381058620221549,2314,1596774878040518999,/gps,1596774878000000000,gps
1597381058797678264,2315,1596774878219079017,/gps,1596774878200000000,gps
1597381059010016475,2316,1596774878427989959,/gps,1596774878400000000,gps
1597381059202224831,2317,1596774878623895883,/gps,1596774878600000000,gps
1597381059397246806,2318,1596774878818905115,/gps,1596774878800000000,gps
1597381059597400415,2319,1596774879019500017,/gps,1596774879000000000,gps
1597381059794819922,2320,1596774879217107057,/gps,1596774879200000000,gps
1597381060004306395,2321,1596774879425810098,/gps,1596774879400000000,gps
1597381060204014594,2322,1596774879624900102,/gps,1596774879600000000,gps
1597381060409453705,2323,1596774879831165075,/gps,1596774879800000000,gps
1597381060611809997,2324,1596774880032058000,/gps,1596774880000000000,gps
1597381060797535830,2325,1596774880219619989,/gps,1596774880200000000,gps
1597381061000250054,2326,1596774880421009063,/gps,1596774880400000000,gps
1597381061204705634,2327,1596774880625757932,/gps,1596774880600000000,gps
1597381061400100413,2328,1596774880821789979,/gps,1596774880800000000,gps
1597381061615853755,2329,1596774881037702083,/gps,1596774881000000000,gps
1597381061796091348,2330,1596774881217881917,/gps,1596774881200000000,gps
1597381062006342347,2331,1596774881427453041,/gps,1596774881400000000,gps
1597381062205813391,2332,1596774881626652002,/gps,1596774881600000000,gps
1597381062401453214,2333,1596774881822900056,/gps,1596774881800000000,gps
1597381062603891467,2334,1596774882025587081,/gps,1596774882000000000,gps
1597381062821587088,2335,1596774882243669033,/gps,1596774882200000000,gps
1597381063000179388,2336,1596774882422110080,/gps,1596774882400000000,gps
1597381063201989808,2337,1596774882623979091,/gps,1596774882600000000,gps
1597381063408956785,2338,1596774882829166889,/gps,1596774882800000000,gps
1597381063613165505,2339,1596774883034434080,/gps,1596774883000000000,gps
1597381063798281937,2340,1596774883220433950,/gps,1596774883200000000,gps
1597381064001495677,2341,1596774883422511100,/gps,1596774883400000000,gps
1597381064202098465,2342,1596774883622204065,/gps,1596774883600000000,gps
1597381064401462345,2343,1596774883823097944,/gps,1596774883800000000,gps
1597381064602349972,2344,1596774884023267984,/gps,1596774884000000000,gps
1597381064794054554,2345,1596774884215797901,/gps,1596774884200000000,gps
1597381064996857093,2346,1596774884419055938,/gps,1596774884400000000,gps
1597381065196918548,2347,1596774884618818044,/gps,1596774884600000000,gps
1597381065405537380,2348,1596774884827465057,/gps,1596774884800000000,gps
1597381065601543305,2349,1596774885022505044,/gps,1596774885000000000,gps
1597381065793281747,2350,1596774885215393066,/gps,1596774885200000000,gps
1597381066003219983,2351,1596774885425540924,/gps,1596774885400000000,gps
1597381066198140240,2352,1596774885620110988,/gps,1596774885600000000,gps
1597381066411440898,2353,1596774885833053112,/gps,1596774885800000000,gps
1597381066599714152,2354,1596774886021265029,/gps,1596774886000000000,gps
1597381066792348230,2355,1596774886213612079,/gps,1596774886200000000,gps
1597381067001882734,2356,1596774886423086881,/gps,1596774886400000000,gps
1597381067245678372,2357,1596774886667612075,/gps,1596774886600000000,gps
1597381067402229955,2358,1596774886823211908,/gps,1596774886800000000,gps
1597381067604177000,2359,1596774887025180101,/gps,1596774887000000000,gps
1597381067857449388,2360,1596774887278338909,/gps,1596774887210000000,gps
1597381068041058409,2361,1596774887462634086,/gps,1596774887410000000,gps
1597381068242318420,2362,1596774887664154052,/gps,1596774887600000000,gps
1597381068401327295,2363,1596774887823216915,/gps,1596774887800000000,gps
1597381068646344668,2364,1596774888066982984,/gps,1596774888010000000,gps
1597381068839355040,2365,1596774888261395931,/gps,1596774888210000000,gps
1597381069042282404,2366,1596774888464189052,/gps,1596774888410000000,gps
1597381069203121786,2367,1596774888623956918,/gps,1596774888600000000,gps
1597381069396536588,2368,1596774888818125009,/gps,1596774888800000000,gps
1597381069723924900,2369,1596774889144910097,/gps,1596774889000000000,gps
1597381069794882258,2370,1596774889215234994,/gps,1596774889200000000,gps
1597381070002327388,2371,1596774889424154043,/gps,1596774889400000000,gps
1597381070203299698,2372,1596774889624063014,/gps,1596774889600000000,gps
1597381070398797801,2373,1596774889820317029,/gps,1596774889800000000,gps
1597381070599157429,2374,1596774890020281076,/gps,1596774890000000000,gps
1597381070796303477,2375,1596774890218185901,/gps,1596774890200000000,gps
1597381071004222151,2376,1596774890425287961,/gps,1596774890400000000,gps
1597381071201725852,2377,1596774890622898101,/gps,1596774890600000000,gps
1597381071397193447,2378,1596774890819412946,/gps,1596774890800000000,gps
1597381071601374590,2379,1596774891022912979,/gps,1596774891000000000,gps
1597381071850140104,2380,1596774891269936084,/gps,1596774891210000000,gps
1597381071996170180,2381,1596774891418308973,/gps,1596774891400000000,gps
1597381072204846329,2382,1596774891626394987,/gps,1596774891600000000,gps
1597381072397640349,2383,1596774891819495916,/gps,1596774891800000000,gps
1597381072608516947,2384,1596774892028167009,/gps,1596774892000000000,gps
1597381072794622006,2385,1596774892216458082,/gps,1596774892200000000,gps
1597381073007691372,2386,1596774892428800106,/gps,1596774892400000000,gps
1597381073206553782,2387,1596774892627013921,/gps,1596774892600000000,gps
1597381073407388770,2388,1596774892829133987,/gps,1596774892800000000,gps
1597381073608384259,2389,1596774893029802083,/gps,1596774893000000000,gps
1597381073798095529,2390,1596774893220011949,/gps,1596774893200000000,gps
1597381074003201770,2391,1596774893423201084,/gps,1596774893400000000,gps
1597381074208243852,2392,1596774893629704952,/gps,1596774893600000000,gps
1597381074404430106,2393,1596774893826148033,/gps,1596774893800000000,gps
1597381074609045419,2394,1596774894030297040,/gps,1596774894000000000,gps
1597381074805900694,2395,1596774894226172924,/gps,1596774894200000000,gps
1597381075000531295,2396,1596774894421730041,/gps,1596774894400000000,gps
1597381075198715468,2397,1596774894620172977,/gps,1596774894600000000,gps
1597381075405836943,2398,1596774894827624082,/gps,1596774894800000000,gps
1597381075601824088,2399,1596774895023911952,/gps,1596774895000000000,gps
1597381075796636553,2400,1596774895218017101,/gps,1596774895200000000,gps
1597381075999555610,2401,1596774895421681880,/gps,1596774895400000000,gps
1597381076194128337,2402,1596774895616508007,/gps,1596774895600000000,gps
1597381076408876087,2403,1596774895830101013,/gps,1596774895800000000,gps
1597381076614933116,2404,1596774896035965919,/gps,1596774896000000000,gps
1597381076800360846,2405,1596774896221260070,/gps,1596774896200000000,gps
1597381077001455819,2406,1596774896423032999,/gps,1596774896400000000,gps
1597381077201973155,2407,1596774896622934103,/gps,1596774896600000000,gps
1597381077402379070,2408,1596774896824161052,/gps,1596774896800000000,gps
1597381077602187033,2409,1596774897024192094,/gps,1596774897000000000,gps
1597381077800906605,2410,1596774897223222017,/gps,1596774897200000000,gps
1597381078051713323,2411,1596774897472700119,/gps,1596774897410000000,gps
1597381078196120237,2412,1596774897618124961,/gps,1596774897600000000,gps
1597381078401435011,2413,1596774897823074102,/gps,1596774897800000000,gps
1597381078604473239,2414,1596774898026459932,/gps,1596774898000000000,gps
1597381078798002744,2415,1596774898219835042,/gps,1596774898200000000,gps
1597381079002137601,2416,1596774898423947095,/gps,1596774898400000000,gps
1597381079208142271,2417,1596774898629367113,/gps,1596774898600000000,gps
1597381079396933749,2418,1596774898818687915,/gps,1596774898800000000,gps
1597381079612317779,2419,1596774899032716989,/gps,1596774899000000000,gps
1597381079805001215,2420,1596774899225428104,/gps,1596774899200000000,gps
1597381080088321497,2421,1596774899510293960,/gps,1596774899400000000,gps
1597381080199364799,2422,1596774899621427059,/gps,1596774899600000000,gps
1597381080396509730,2423,1596774899818919897,/gps,1596774899800000000,gps
1597381080600305993,2424,1596774900021550893,/gps,1596774900000000000,gps
1597381080794056805,2425,1596774900215769052,/gps,1596774900200000000,gps
1597381080996424127,2426,1596774900418545007,/gps,1596774900400000000,gps
1597381081192524929,2427,1596774900614089965,/gps,1596774900600000000,gps
1597381081393373949,2428,1596774900815068960,/gps,1596774900800000000,gps
1597381081596405336,2429,1596774901018522024,/gps,1596774901000000000,gps
1597381081793443103,2430,1596774901215486049,/gps,1596774901200000000,gps
1597381082002097052,2431,1596774901423556089,/gps,1596774901400000000,gps
1597381082193549677,2432,1596774901615567922,/gps,1596774901600000000,gps
1597381082414316529,2433,1596774901835402965,/gps,1596774901800000000,gps
1597381082604129657,2434,1596774902024591922,/gps,1596774902000000000,gps
1597381082802766221,2435,1596774902225001096,/gps,1596774902200000000,gps
1597381082998443185,2436,1596774902420444011,/gps,1596774902400000000,gps
1597381083196781018,2437,1596774902618881940,/gps,1596774902600000000,gps
1597381083400145345,2438,1596774902821496963,/gps,1596774902800000000,gps
1597381083602109215,2439,1596774903021858930,/gps,1596774903000000000,gps
1597381083801590800,2440,1596774903222037076,/gps,1596774903200000000,gps
1597381084005838895,2441,1596774903427840948,/gps,1596774903400000000,gps
1597381084198282661,2442,1596774903618614912,/gps,1596774903600000000,gps
1597381084403144904,2443,1596774903824187040,/gps,1596774903800000000,gps
1597381084601652104,2444,1596774904021528005,/gps,1596774904000000000,gps
1597381084801503700,2445,1596774904222291946,/gps,1596774904200000000,gps
1597381084993525096,2446,1596774904415549993,/gps,1596774904400000000,gps
1597381085194693791,2447,1596774904616914987,/gps,1596774904600000000,gps
1597381085396657522,2448,1596774904818851947,/gps,1596774904800000000,gps
1597381085607530210,2449,1596774905028492927,/gps,1596774905000000000,gps
1597381085800771943,2450,1596774905221308946,/gps,1596774905200000000,gps
1597381085999586671,2451,1596774905420263051,/gps,1596774905400000000,gps
1597381086196968897,2452,1596774905618928909,/gps,1596774905600000000,gps
1597381086400486255,2453,1596774905821886062,/gps,1596774905800000000,gps
1597381086595541950,2454,1596774906017281055,/gps,1596774906000000000,gps
1597381086802326994,2455,1596774906224466085,/gps,1596774906200000000,gps
1597381086999471436,2456,1596774906420119047,/gps,1596774906400000000,gps
1597381087194988319,2457,1596774906616889953,/gps,1596774906600000000,gps
1597381087448697948,2458,1596774906868799924,/gps,1596774906800000000,gps
1597381087598318177,2459,1596774907019260883,/gps,1596774907000000000,gps
1597381087805704105,2460,1596774907228080034,/gps,1596774907200000000,gps
1597381088000231103,2461,1596774907421600103,/gps,1596774907400000000,gps
1597381088200486430,2462,1596774907621582031,/gps,1596774907600000000,gps
1597381088444464700,2463,1596774907866794109,/gps,1596774907800000000,gps
1597381088598695616,2464,1596774908020705938,/gps,1596774908000000000,gps
1597381088797999596,2465,1596774908219239950,/gps,1596774908200000000,gps
1597381088992388782,2466,1596774908414264917,/gps,1596774908400000000,gps
1597381089250391027,2467,1596774908672017097,/gps,1596774908600000000,gps
1597381089467220264,2468,1596774908887859106,/gps,1596774908800000000,gps
1597381089656548189,2469,1596774909077327966,/gps,1596774909010000000,gps
1597381089853080577,2470,1596774909275229930,/gps,1596774909210000000,gps
1597381090063046738,2471,1596774909482790946,/gps,1596774909410000000,gps
1597381090243858685,2472,1596774909666009902,/gps,1596774909600000000,gps
1597381090449496415,2473,1596774909871222019,/gps,1596774909800000000,gps
1597381090658807378,2474,1596774910079771995,/gps,1596774910010000000,gps
1597381090842643292,2475,1596774910265218019,/gps,1596774910210000000,gps
1597381090995179418,2476,1596774910417130947,/gps,1596774910400000000,gps
1597381091197037800,2477,1596774910616946935,/gps,1596774910600000000,gps
1597381091417524281,2478,1596774910837486982,/gps,1596774910800000000,gps
1597381091600243600,2479,1596774911022279977,/gps,1596774911000000000,gps
1597381091800191050,2480,1596774911222098112,/gps,1596774911200000000,gps
1597381092010120559,2481,1596774911430102109,/gps,1596774911400000000,gps
1597381092202970709,2482,1596774911624169111,/gps,1596774911600000000,gps
1597381092397003778,2483,1596774911819129943,/gps,1596774911800000000,gps
1597381092599701038,2484,1596774912021924972,/gps,1596774912000000000,gps
1597381092805821039,2485,1596774912226680994,/gps,1596774912200000000,gps
1597381092996392271,2486,1596774912418363094,/gps,1596774912400000000,gps
1597381093196289944,2487,1596774912618091106,/gps,1596774912600000000,gps
1597381093401866587,2488,1596774912823303937,/gps,1596774912800000000,gps
1597381093602710511,2489,1596774913024930953,/gps,1596774913000000000,gps
1597381093801940908,2490,1596774913223300933,/gps,1596774913200000000,gps
1597381094001282656,2491,1596774913423264026,/gps,1596774913400000000,gps
1597381094201620154,2492,1596774913622298002,/gps,1596774913600000000,gps
1597381094403981472,2493,1596774913825805902,/gps,1596774913800000000,gps
1597381094610168843,2494,1596774914031141042,/gps,1596774914000000000,gps
1597381094804755671,2495,1596774914227255105,/gps,1596774914200000000,gps
1597381095001294343,2496,1596774914423088073,/gps,1596774914400000000,gps
1597381095211602380,2497,1596774914632579088,/gps,1596774914600000000,gps
1597381095402718086,2498,1596774914824409008,/gps,1596774914800000000,gps
1597381095608421511,2499,1596774915029175996,/gps,1596774915000000000,gps
1597381095805788727,2500,1596774915227498054,/gps,1596774915200000000,gps
1597381096003723318,2501,1596774915423876047,/gps,1596774915400000000,gps
1597381096199843737,2502,1596774915621037006,/gps,1596774915600000000,gps
1597381096402881267,2503,1596774915824982881,/gps,1596774915800000000,gps
1597381096607411199,2504,1596774916027678012,/gps,1596774916000000000,gps
1597381096801321745,2505,1596774916223612070,/gps,1596774916200000000,gps
1597381097003032541,2506,1596774916424966096,/gps,1596774916400000000,gps
1597381097201907169,2507,1596774916622765064,/gps,1596774916600000000,gps
1597381097401786341,2508,1596774916823190927,/gps,1596774916800000000,gps
1597381097606782277,2509,1596774917028678894,/gps,1596774917000000000,gps
1597381097800949946,2510,1596774917223110914,/gps,1596774917200000000,gps
1597381098000530387,2511,1596774917422797918,/gps,1596774917400000000,gps
1597381098195156660,2512,1596774917617060899,/gps,1596774917600000000,gps
1597381098403551181,2513,1596774917825118064,/gps,1596774917800000000,gps
1597381098606859727,2514,1596774918029290914,/gps,1596774918000000000,gps
1597381098802668849,2515,1596774918223248004,/gps,1596774918200000000,gps
1597381098996889087,2516,1596774918418539047,/gps,1596774918400000000,gps
1597381099194536325,2517,1596774918616756916,/gps,1596774918600000000,gps
1597381099412186707,2518,1596774918832360982,/gps,1596774918800000000,gps
1597381099596104722,2519,1596774919017781019,/gps,1596774919000000000,gps
1597381099806897194,2520,1596774919228795051,/gps,1596774919200000000,gps
1597381099998478765,2521,1596774919420845031,/gps,1596774919400000000,gps
1597381100195897783,2522,1596774919617060899,/gps,1596774919600000000,gps
1597381100515189278,2523,1596774919937658071,/gps,1596774919800000000,gps
1597381100651900103,2524,1596774920073940038,/gps,1596774920000000000,gps
1597381100809809627,2525,1596774920231333017,/gps,1596774920200000000,gps
1597381101038245689,2526,1596774920460315942,/gps,1596774920410000000,gps
1597381101242458598,2527,1596774920663940906,/gps,1596774920600000000,gps
1597381101445959620,2528,1596774920868292093,/gps,1596774920800000000,gps
1597381101641382045,2529,1596774921062957048,/gps,1596774921010000000,gps
1597381101846799444,2530,1596774921267817020,/gps,1596774921210000000,gps
1597381102048878367,2531,1596774921470211982,/gps,1596774921410000000,gps
1597381102241749670,2532,1596774921663750886,/gps,1596774921600000000,gps
1597381102453529304,2533,1596774921873660087,/gps,1596774921800000000,gps
1597381102600641418,2534,1596774922022615909,/gps,1596774922000000000,gps
1597381102843601529,2535,1596774922265763044,/gps,1596774922210000000,gps
1597381102995719054,2536,1596774922417726039,/gps,1596774922400000000,gps
1597381103204315057,2537,1596774922625514030,/gps,1596774922600000000,gps
1597381103449459140,2538,1596774922870984077,/gps,1596774922800000000,gps
1597381103601277445,2539,1596774923022432088,/gps,1596774923000000000,gps
1597381103802850849,2540,1596774923223886013,/gps,1596774923200000000,gps
1597381104113280301,2541,1596774923534759998,/gps,1596774923400000000,gps
1597381104245163949,2542,1596774923667087078,/gps,1596774923600000000,gps
1597381104450660307,2543,1596774923872997045,/gps,1596774923800000000,gps
1597381104659638609,2544,1596774924080910921,/gps,1596774924010000000,gps
1597381104807856357,2545,1596774924227240085,/gps,1596774924200000000,gps
1597381105044129043,2546,1596774924465909004,/gps,1596774924410000000,gps
1597381105251550017,2547,1596774924672194004,/gps,1596774924600000000,gps
1597381109603337662,2548,1596774929025094985,/gps,1596774929000000000,gps
1597381109797524181,2549,1596774929219908952,/gps,1596774929200000000,gps
1597381110002048806,2550,1596774929424211025,/gps,1596774929400000000,gps
1597381110248808511,2551,1596774929670739889,/gps,1596774929600000000,gps
1597381110391461504,2552,1596774929813533067,/gps,1596774929800000000,gps
1597381110658721075,2553,1596774930080821037,/gps,1596774930010000000,gps
1597381110854537806,2554,1596774930275693893,/gps,1596774930210000000,gps
1597381111055835656,2555,1596774930477543115,/gps,1596774930410000000,gps
1597381111197755189,2556,1596774930619004964,/gps,1596774930600000000,gps
1597381111459701612,2557,1596774930881653070,/gps,1596774930800000000,gps
1597381111652623949,2558,1596774931074372053,/gps,1596774931000000000,gps
1597381111797246099,2559,1596774931218483924,/gps,1596774931200000000,gps
1597381112100389755,2560,1596774931522115945,/gps,1596774931400000000,gps
1597381112207575448,2561,1596774931629901885,/gps,1596774931600000000,gps
1597381112402616971,2562,1596774931822917938,/gps,1596774931800000000,gps
1597381112600919129,2563,1596774932022327899,/gps,1596774932000000000,gps
1597381112795397188,2564,1596774932217386960,/gps,1596774932200000000,gps
1597381113004884708,2565,1596774932426175117,/gps,1596774932400000000,gps
1597381113205233096,2566,1596774932625735998,/gps,1596774932600000000,gps
1597381113395977605,2567,1596774932816484928,/gps,1596774932800000000,gps
1597381113689854790,2568,1596774933109191894,/gps,1596774933000000000,gps
1597381113800183901,2569,1596774933220858097,/gps,1596774933200000000,gps
1597381114008331143,2570,1596774933424120903,/gps,1596774933400000000,gps
1597381114200954889,2571,1596774933623297929,/gps,1596774933600000000,gps
1597381114409414896,2572,1596774933830511093,/gps,1596774933800000000,gps
1597381114602534037,2573,1596774934023827075,/gps,1596774934000000000,gps
1597381114804972568,2574,1596774934226166009,/gps,1596774934200000000,gps
1597381114997169964,2575,1596774934418803930,/gps,1596774934400000000,gps
1597381115203064258,2576,1596774934625392913,/gps,1596774934600000000,gps
1597381115400057624,2577,1596774934820693969,/gps,1596774934800000000,gps
1597381115605699683,2578,1596774935025662899,/gps,1596774935000000000,gps
1597381115800830776,2579,1596774935223098993,/gps,1596774935200000000,gps
1597381116002961780,2580,1596774935424472093,/gps,1596774935400000000,gps
1597381116203681366,2581,1596774935624521017,/gps,1596774935600000000,gps
1597381116395990253,2582,1596774935818228006,/gps,1596774935800000000,gps
1597381116598793699,2583,1596774936020224094,/gps,1596774936000000000,gps
1597381116807994147,2584,1596774936228163003,/gps,1596774936200000000,gps
1597381117035958969,2585,1596774936457654953,/gps,1596774936410000000,gps
1597381117197944966,2586,1596774936619287014,/gps,1596774936600000000,gps
1597381117410590984,2587,1596774936830585956,/gps,1596774936800000000,gps
1597381117599928683,2588,1596774937021872997,/gps,1596774937000000000,gps
1597381117799074256,2589,1596774937219054937,/gps,1596774937200000000,gps
1597381117992846362,2590,1596774937415064096,/gps,1596774937400000000,gps
1597381118200956604,2591,1596774937622299909,/gps,1596774937600000000,gps
1597381118395294059,2592,1596774937817631959,/gps,1596774937800000000,gps
1597381118597270146,2593,1596774938017877101,/gps,1596774938000000000,gps
1597381118801766288,2594,1596774938223789930,/gps,1596774938200000000,gps
1597381118993891287,2595,1596774938416281938,/gps,1596774938400000000,gps
1597381119216959118,2596,1596774938638825893,/gps,1596774938600000000,gps
1597381119395462825,2597,1596774938817127943,/gps,1596774938800000000,gps
1597381119593050582,2598,1596774939014875888,/gps,1596774939000000000,gps
1597381119798728106,2599,1596774939220943927,/gps,1596774939200000000,gps
1597381119997623747,2600,1596774939419374942,/gps,1596774939400000000,gps
1597381120199371056,2601,1596774939619370937,/gps,1596774939600000000,gps
1597381120397059066,2602,1596774939818762063,/gps,1596774939800000000,gps
1597381120598120249,2603,1596774940019207954,/gps,1596774940000000000,gps
1597381120849844385,2604,1596774940270601987,/gps,1596774940210000000,gps
1597381121002618504,2605,1596774940423933982,/gps,1596774940400000000,gps
1597381121200336812,2606,1596774940622287988,/gps,1596774940600000000,gps
1597381121507129894,2607,1596774940929075002,/gps,1596774940800000000,gps
1597381121710130633,2608,1596774941131753921,/gps,1596774941000000000,gps
1597381121910289548,2609,1596774941331475019,/gps,1596774941200000000,gps
1597381122109010935,2610,1596774941530961036,/gps,1596774941400000000,gps
1597381122207203406,2611,1596774941627137899,/gps,1596774941600000000,gps
1597381122392901942,2612,1596774941814368009,/gps,1596774941800000000,gps
1597381122709076408,2613,1596774942131308078,/gps,1596774942000000000,gps
1597381122901707833,2614,1596774942324187994,/gps,1596774942200000000,gps
1597381123003791214,2615,1596774942426054954,/gps,1596774942400000000,gps
1597381123201704930,2616,1596774942623833894,/gps,1596774942600000000,gps
1597381123393831604,2617,1596774942813935995,/gps,1596774942800000000,gps
1597381123593750012,2618,1596774943015749931,/gps,1596774943000000000,gps
1597381123791101800,2619,1596774943212747097,/gps,1596774943200000000,gps
1597381123998819062,2620,1596774943418607950,/gps,1596774943400000000,gps
1597381124188910396,2621,1596774943611273050,/gps,1596774943600000000,gps
1597381124394770831,2622,1596774943815603971,/gps,1596774943800000000,gps
1597381124601187889,2623,1596774944020071983,/gps,1596774944000000000,gps
1597381124798289954,2624,1596774944219321966,/gps,1596774944200000000,gps
1597381125043244006,2625,1596774944465332984,/gps,1596774944400000000,gps
1597381125199698548,2626,1596774944619699001,/gps,1596774944600000000,gps
1597381125389782412,2627,1596774944811857938,/gps,1596774944800000000,gps
1597381125597678606,2628,1596774945019682884,/gps,1596774945000000000,gps
1597381125835795762,2629,1596774945257481098,/gps,1596774945210000000,gps
1597381125987654558,2630,1596774945409830093,/gps,1596774945400000000,gps
1597381126270044856,2631,1596774945691474914,/gps,1596774945600000000,gps
1597381126385018513,2632,1596774945807444095,/gps,1596774945800000000,gps
1597381126704587027,2633,1596774946125873088,/gps,1596774946000000000,gps
1597381126839511188,2634,1596774946261498928,/gps,1596774946210000000,gps
1597381127037372125,2635,1596774946459702968,/gps,1596774946410000000,gps
1597381127236148595,2636,1596774946658288002,/gps,1596774946600000000,gps
1597381127436242025,2637,1596774946857572078,/gps,1596774946800000000,gps
1597381127646935153,2638,1596774947068308115,/gps,1596774947010000000,gps
1597381127793378454,2639,1596774947215257883,/gps,1596774947200000000,gps
1597381128044901946,2640,1596774947466603994,/gps,1596774947410000000,gps
1597381128192704933,2641,1596774947614852905,/gps,1596774947600000000,gps
1597381128436204772,2642,1596774947856918096,/gps,1596774947800000000,gps
1597381128647270773,2643,1596774948068248987,/gps,1596774948010000000,gps
1597381128841616396,2644,1596774948263063907,/gps,1596774948210000000,gps
1597381129046385508,2645,1596774948467205047,/gps,1596774948410000000,gps
1597381129239533482,2646,1596774948661559104,/gps,1596774948600000000,gps
1597381129442330715,2647,1596774948863549947,/gps,1596774948800000000,gps
1597381129648712656,2648,1596774949070305109,/gps,1596774949010000000,gps
1597381129846463846,2649,1596774949268527030,/gps,1596774949210000000,gps
1597381130033658483,2650,1596774949455981016,/gps,1596774949410000000,gps
1597381130239565833,2651,1596774949661989927,/gps,1596774949600000000,gps
1597381130493504450,2652,1596774949914836883,/gps,1596774949800000000,gps
1597381130659076482,2653,1596774950081185102,/gps,1596774950010000000,gps
1597381130843218808,2654,1596774950265639066,/gps,1596774950210000000,gps
1597381131044865655,2655,1596774950466054916,/gps,1596774950410000000,gps
1597381131248752605,2656,1596774950668682098,/gps,1596774950600000000,gps
1597381131505532069,2657,1596774950927901029,/gps,1596774950800000000,gps
1597381131715242363,2658,1596774951136811971,/gps,1596774951000000000,gps
1597381131804367750,2659,1596774951225898027,/gps,1596774951200000000,gps
1597381132107890005,2660,1596774951530055046,/gps,1596774951400000000,gps
1597381132198887996,2661,1596774951621244907,/gps,1596774951600000000,gps
1597381132505137720,2662,1596774951927603960,/gps,1596774951800000000,gps
1597381132722395332,2663,1596774952142884969,/gps,1596774952000000000,gps
1597381132803427530,2664,1596774952223370075,/gps,1596774952200000000,gps
1597381133000141433,2665,1596774952421672105,/gps,1596774952400000000,gps
1597381133198993581,2666,1596774952621278047,/gps,1596774952600000000,gps
1597381133393481274,2667,1596774952815565109,/gps,1596774952800000000,gps
1597381133600082709,2668,1596774953021513938,/gps,1596774953000000000,gps
1597381133855272102,2669,1596774953277221918,/gps,1596774953210000000,gps
1597381133999778291,2670,1596774953421202898,/gps,1596774953400000000,gps
1597381134207697314,2671,1596774953629661083,/gps,1596774953600000000,gps
1597381134395994374,2672,1596774953817850112,/gps,1596774953800000000,gps
1597381134718538475,2673,1596774954140692949,/gps,1596774954000000000,gps
1597381134917763077,2674,1596774954339929103,/gps,1596774954200000000,gps
1597381135096750940,2675,1596774954518621921,/gps,1596774954400000000,gps
1597381135309789519,2676,1596774954731215000,/gps,1596774954600000000,gps
1597381135493475753,2677,1596774954914380073,/gps,1596774954800000000,gps
1597381135604278478,2678,1596774955024368047,/gps,1596774955000000000,gps
1597381135796669257,2679,1596774955217205047,/gps,1596774955200000000,gps
1597381136000150242,2680,1596774955422370910,/gps,1596774955400000000,gps
1597381136202140990,2681,1596774955622558116,/gps,1596774955600000000,gps
